id,chinese_name,name,codename,overridenametextid,overridepartnerskilltextid,ispal,tribe,bpclass,variant,volume_size,rarity,element_1,element_2,genuscategory,organization,weapon,weaponequip,nocturnal,4d_total,hp,melee_attack,remote_attack,defense,support,speed_of_work,level_1,level_20,level_50,airresponse,endurance,slow_walking_speed,walking_speed,running_speed,riding_sprint_speed,being_damage_multiplier,catch_rate,experience_multiplier,price,must_bring_entry_1,must_bring_entry_2,numerical_description,lv1,lv2,lv3,lv4,lv5,skill_description
1,Mian Youyou,Lamball,SheepBall,,,1,EPalTribeID::SheepBall,SheepBall,,XS,1,generally,,EPalGenusCategoryType::Humanoid,EPalOrganizationType::None,EPalWeaponType::None,0,0,280,70,70,70,70,100,100,0,0,0,Friendly,100,23,40,400,0,200%,150%,100%,1000,,,Ranch skills,0,0,0,0,0,"When activated, it will transform into a shield equipped on the player. Assign it to Palu Ranch and it will have a chance to drop Wool."
2,Naughty cat,Cattiva,PinkCat,,,1,EPalTribeID::PinkCat,PinkCat,,XS,1,generally,,EPalGenusCategoryType::Humanoid,EPalOrganizationType::None,EPalWeaponType::None,0,0,280,70,70,70,70,100,100,0,0,0,Escape_to_Battle,100,30,60,400,0,200%,150%,100%,1000,timid,,Increased weight bearing,50,60,70,80,90,"If PinkCat is in the team, it will help carry luggage and increase the player's maximum weight limit."
3,Pipi Chicken,Chikipi,ChickenPal,,,1,EPalTribeID::ChickenPal,ChickenPal,,XS,1,generally,,EPalGenusCategoryType::Bird,EPalOrganizationType::None,EPalWeaponType::None,0,0,250,60,70,60,60,70,100,0,0,0,Friendly,100,50,50,375,0,200%,150%,100%,1000,,,Ranch skills,0,0,0,0,0,Assign it to Palu Ranch and it will have a chance to give birth to Eggs.
4,green leaf rat,Lifmunk,Carbunclo,,,1,EPalTribeID::Carbunclo,Carbunclo,,XS,1,Wood,,EPalGenusCategoryType::Humanoid,EPalOrganizationType::None,EPalWeaponType::None,0,0,285,75,70,70,70,100,100,0,0,0,Escape,100,20,40,400,0,100%,90%,100%,1010,,,Skill power,10,11,13,16,20,"After being activated, it will sit on the player's head and use a submachine gun to chase after the player's attacks."
5,tinder fox,Foxparks,Kitsunebi,,,1,EPalTribeID::Kitsunebi,Kitsunebi,,XS,1,fire,,EPalGenusCategoryType::FourLegged,EPalOrganizationType::None,EPalWeaponType::None,0,0,280,65,70,75,70,100,100,0,0,0,Escape_to_Battle,100,40,80,400,0,130%,110%,100%,1040,,,Skill power,10,11,13,16,20,"When activated, it will transform into a flamethrower equipped on the player."
6,surf duck,Fuack,BluePlatypus,,,1,EPalTribeID::Blueplatypus,BluePlatypus,,XS,1,water,,EPalGenusCategoryType::Humanoid,EPalOrganizationType::None,EPalWeaponType::None,0,0,280,60,80,80,60,100,100,0,0,0,Escape_to_Battle,100,70,105,300,0,130%,110%,100%,1120,,,Skill power multiplier,1,1,1,1,2,"When activated, BluePlatypus will ride the wave towards the enemy."
7,Volt Meow,Sparkit,ElecCat,,,1,EPalTribeID::ElecCat,ElecCat,,XS,1,electricity,,EPalGenusCategoryType::Humanoid,EPalOrganizationType::None,EPalWeaponType::None,0,0,265,60,60,75,70,80,100,0,0,0,Escape_to_Battle,100,40,80,350,0,130%,110%,100%,1030,,,Attack power bonus%,10,11,13,16,20,"If it is in the team, the elemental Electricity Palu's attack power will be increased."
8,Neolepithecus,Tanzee,Monkey,,,1,EPalTribeID::Monkey,Monkey,,XS,1,Wood,,EPalGenusCategoryType::Humanoid,EPalOrganizationType::None,EPalWeaponType::None,0,0,320,80,100,70,70,100,100,0,0,0,Escape_to_Battle,100,48,48,300,0,120%,110%,100%,1280,,,Skill power,20,22,26,32,40,"After activation, Monkey will violently shoot nearby enemies with an assault rifle within a certain period of time."
9,Fire Deer,Rooby,FlameBambi,,,1,EPalTribeID::FlameBambi,FlameBambi,,S,2,fire,,EPalGenusCategoryType::FourLegged,EPalOrganizationType::None,EPalWeaponType::None,0,0,320,75,100,70,75,100,100,0,0,0,Escape_to_Battle,100,70,100,400,0,130%,110%,100%,2950,,,Attack power bonus%,10,11,13,16,20,"If it is in the team, the elemental Fire Palu's attack power will be increased."
10,Keimaru,Pengullet,Penguin,,,1,EPalTribeID::Penguin,Penguin,,XS,1,water,ice,EPalGenusCategoryType::Humanoid,EPalOrganizationType::None,EPalWeaponType::None,0,0,285,70,70,75,70,100,100,0,0,0,Escape_to_Battle,100,30,60,500,0,100%,90%,100%,1080,,,Skill power,250,285,325,400,500,"After activation, players will equip Launcher_Default and can shoot Penguin as a cannonball. After hitting the target, Penguin will explode and fall into a dying state."
11,King Keimaru,Penking,CaptainPenguin,,,1,EPalTribeID::CaptainPenguin,CaptainPenguin,,L,6,water,ice,EPalGenusCategoryType::Humanoid,EPalOrganizationType::None,EPalWeaponType::None,0,0,355,95,70,95,95,100,100,0,0,0,Warlike,100,50,110,450,0,100%,100%,100%,5410,,,Drop increased by %_Fire,40,50,60,70,80,"When fighting alongside it, if you knock down the elemental Fire's pallu, you can get more dropped items from that pallu."
12,electric rat,Jolthog,Hedgehog,,,1,EPalTribeID::Hedgehog,Hedgehog,,XS,1,electricity,,EPalGenusCategoryType::FourLegged,EPalOrganizationType::None,EPalWeaponType::None,0,0,285,70,70,75,70,100,100,0,0,0,Escape_to_Battle,100,30,60,400,0,130%,120%,100%,1060,,,Skill power,100,110,130,160,200,"After activation, you can equip Hedgehog in your hand. If you throw it at the enemy and hit the target, it will trigger a thunder explosion."
12,ice agouti,Jolthog Cryst,Hedgehog_Ice,,,1,EPalTribeID::Hedgehog_Ice,Hedgehog_Ice,yes,XS,2,ice,,EPalGenusCategoryType::FourLegged,EPalOrganizationType::None,EPalWeaponType::None,0,0,295,70,70,75,80,100,100,0,0,0,Escape_to_Battle,100,30,60,400,0,100%,100%,100%,1070,,,Skill power,100,110,130,160,200,"After activation, you can equip Hedgehog_Ice in your hand. If you throw it at the enemy and hit the target, it will trigger an ice explosion."
13,Ye NiNi,Gumoss,PlantSlime,,,1,EPalTribeID::PlantSlime,PlantSlime,,XS,1,Wood,land,EPalGenusCategoryType::Other,EPalOrganizationType::None,EPalWeaponType::None,0,0,310,70,100,70,70,100,100,0,0,0,Escape_to_Battle,100,50,50,300,0,180%,130%,100%,1310,,,Logging bonus%,10,11,13,16,20,"If it is in the party, players will be able to deal more damage when harvesting."
13,Ye Ni Ni (Special),Gumoss (Special),PlantSlime_Flower,PAL_NAME_PlantSlime,PARTNERSKILL_PlantSlime,1,EPalTribeID::PlantSlime,PlantSlime_Flower,,XS,10,Wood,land,EPalGenusCategoryType::Other,EPalOrganizationType::None,EPalWeaponType::None,0,0,310,70,100,70,70,100,100,0,0,0,Escape_to_Battle,100,50,50,300,0,180%,130%,100%,1310,,,Logging bonus%,10,11,13,16,20,"If it is in the party, players will be able to deal more damage when harvesting."
14,Tamamo fox,Vixy,CuteFox,,,1,EPalTribeID::CuteFox,CuteFox,,XS,2,generally,,EPalGenusCategoryType::FourLegged,EPalOrganizationType::None,EPalWeaponType::None,0,0,280,70,70,70,70,140,100,0,0,0,Escape_to_Battle,100,30,60,350,0,170%,130%,100%,1000,,,Ranch skills,0,0,0,0,0,Assign it to the Palu Ranch and it will have a chance to dig items out of the ground.
15,Tikar,Hoocrates,WizardOwl,,,1,EPalTribeID::WizardOwl,WizardOwl,,XS,1,dark,,EPalGenusCategoryType::Bird,EPalOrganizationType::None,EPalWeaponType::None,0,1,290,70,70,70,80,100,100,0,0,0,NotInterested,100,26,70,380,0,100%,100%,100%,1050,,,Attack power bonus%,10,11,13,16,20,"If it is in the team, the elemental Dark Palu's attack power will be increased."
16,pot elephant,Teafant,Ganesha,,,1,EPalTribeID::Ganesha,Ganesha,,M,1,water,,EPalGenusCategoryType::FourLegged,EPalOrganizationType::None,EPalWeaponType::None,0,0,270,70,70,60,70,100,100,0,0,0,Escape_to_Battle,100,30,60,300,0,160%,130%,100%,1000,,,treatment value,200,220,260,320,400,"When activated, it will spray out mysterious water that is extremely effective on wounds to restore the player's health."
17,Look at the devil,Depresso,NegativeKoala,,,1,EPalTribeID::NegativeKoala,NegativeKoala,,XS,1,dark,,EPalGenusCategoryType::Humanoid,EPalOrganizationType::None,EPalWeaponType::None,0,1,280,70,70,70,70,100,100,0,0,0,Warlike,100,10,10,300,0,120%,100%,100%,1050,,,Movement speed multiplier,2,3,5,10,10,"After activation, NegativeKoala will drink a large amount of energy drinks, greatly increasing his movement speed for a certain period of time."
18,Miruffy,Cremis,WoolFox,,,1,EPalTribeID::WoolFox,WoolFox,,XS,1,generally,,EPalGenusCategoryType::FourLegged,EPalOrganizationType::None,EPalWeaponType::None,0,0,315,70,100,70,75,100,100,0,0,0,Escape_to_Battle,100,20,40,300,0,170%,130%,100%,1420,,,Attack power bonus%,10,11,13,16,20,"If it is in the team, the attack power of the elemental Normal Palu will be increased. Assign it to Palu Ranch and it will have a chance to drop Wool."
19,sleep demon,Daedream,DreamDemon,,,1,EPalTribeID::DreamDemon,DreamDemon,,XS,1,dark,,EPalGenusCategoryType::Humanoid,EPalOrganizationType::None,EPalWeaponType::None,0,1,305,70,100,75,60,100,100,0,0,0,Friendly,100,70,140,300,0,100%,100%,100%,1330,,,Skill power multiplier,1,1,1,1,2,"If it is in the party, it will appear next to the player. It will coordinate with the player's offensive to pursue with magic bullets."
20,sage pig,Rushoar,Boar,,,1,EPalTribeID::Boar,Boar,,S,1,land,,EPalGenusCategoryType::FourLegged,EPalOrganizationType::None,EPalWeaponType::None,0,0,320,80,100,70,70,100,100,0,0,0,Warlike,100,70,150,450,700,110%,100%,100%,1680,,,Mining bonus+,500,750,1100,1500,2000,Can be moved around on its back. Destroying rocks while riding will be more efficient.
21,Lunati,Nox,NightFox,,,1,EPalTribeID::NightFox,NightFox,,XS,6,dark,,EPalGenusCategoryType::FourLegged,EPalOrganizationType::None,EPalWeaponType::None,0,0,300,75,70,85,70,140,100,0,0,0,Escape_to_Battle,100,30,60,300,0,100%,100%,100%,1480,,,Attack power bonus%,5,6,7,8,10,"When fighting alongside it, it will grant elemental Dark to the player's attacks."
22,Escape Rat,Fuddler,CuteMole,,,1,EPalTribeID::CuteMole,CuteMole,,XS,1,land,,EPalGenusCategoryType::Humanoid,EPalOrganizationType::None,EPalWeaponType::None,0,0,295,65,100,80,50,100,100,0,0,0,Escape_to_Battle,100,30,60,300,0,100%,100%,100%,1360,,,distance,10000,11000,13000,16000,20000,"When activated, it will emit tiny vibrations to detect the location of nearby ores."
23,squid,Killamari,NegativeOctopus,,,1,EPalTribeID::NegativeOctopus,NegativeOctopus,,XS,1,dark,,EPalGenusCategoryType::Other,EPalOrganizationType::None,EPalWeaponType::None,0,1,290,60,100,60,70,100,100,0,0,0,NotInterested,100,60,120,400,0,100%,100%,100%,1200,,,Paraglider maximum speed (gravity factor),0,0,0,0,0,"If it is in the party, it can be summoned in place of the paraglider. It can float in the air for long periods of time while gliding."
24,Meowster,Mau,Bastet,,,1,EPalTribeID::Bastet,Bastet,,XS,1,dark,,EPalGenusCategoryType::FourLegged,EPalOrganizationType::None,EPalWeaponType::None,0,1,270,70,70,60,70,100,100,0,0,0,Escape_to_Battle,100,52,105,475,0,100%,100%,100%,1000,,,Ranch skills,0,0,0,0,0,Assign it to Palu Ranch and it will have a chance to dig Money out of the ground.
24,ice cream,Mau Cryst,Bastet_Ice,,,1,EPalTribeID::Bastet_Ice,Bastet_Ice,yes,XS,2,ice,,EPalGenusCategoryType::FourLegged,EPalOrganizationType::None,EPalWeaponType::None,0,0,275,70,70,65,70,100,100,0,0,0,Escape_to_Battle,100,52,105,475,0,100%,100%,100%,1010,,,Ranch skills,0,0,0,0,0,Assign it to Palu Ranch and it will have a chance to dig Money out of the ground.
25,Rumiel,Celaray,FlyingManta,,,1,EPalTribeID::FlyingManta,FlyingManta,,M,3,water,,EPalGenusCategoryType::Other,EPalOrganizationType::None,EPalWeaponType::None,0,0,330,80,100,70,80,100,100,0,0,0,Escape_to_Battle,100,30,150,550,0,120%,110%,100%,2860,,,Paraglider maximum speed (gravity factor),0,0,0,0,0,"If it is in the party, it can be summoned in place of the paraglider. Can move quickly for long periods of time while gliding."
26,hunting wolves,Direhowl,Garm,,,1,EPalTribeID::Garm,Garm,,S,2,generally,,EPalGenusCategoryType::FourLegged,EPalOrganizationType::None,EPalWeaponType::None,0,0,355,80,110,90,75,100,100,0,0,0,Warlike,100,90,180,800,1050,100%,100%,100%,1920,,,Moving speed%,0,10,12,15,20,Can be moved around on its back. Movement speed while riding will be slightly faster.
27,Fried egg bird,Tocotoco,ColorfulBird,,,1,EPalTribeID::ColorfulBird,ColorfulBird,,S,1,generally,,EPalGenusCategoryType::Bird,EPalOrganizationType::None,EPalWeaponType::None,0,0,285,60,80,75,70,70,100,0,0,0,Warlike,100,30,60,300,0,100%,100%,100%,1090,,,Skill power,100,110,130,160,200,"When activated, it will transform into a launcher equipped on the player and create exploding eggs."
28,Bona Rabbit,Flopie,FlowerRabbit,,,1,EPalTribeID::FlowerRabbit,FlowerRabbit,,XS,1,Wood,,EPalGenusCategoryType::Humanoid,EPalOrganizationType::None,EPalWeaponType::None,0,0,310,75,100,65,70,100,100,0,0,0,Escape_to_Battle,100,100,100,400,0,100%,100%,100%,1220,,,0,0,0,0,0,0,"If it is in the party, it will appear next to the player. It will automatically pick up nearby props."
29,Boba Cow,Mozzarina,CowPal,,,1,EPalTribeID::CowPal,CowPal,,S,2,generally,,EPalGenusCategoryType::FourLegged,EPalOrganizationType::None,EPalWeaponType::None,0,0,320,90,100,50,80,100,100,0,0,0,Escape_to_Battle,100,55,55,580,0,100%,100%,100%,2620,,,Ranch skills,0,0,0,0,0,Assign it to Palu Ranch and it will have a chance to produce Milk.
30,Thorn Fairy,Bristla,LittleBriarRose,,,1,EPalTribeID::LittleBriarRose,LittleBriarRose,,S,1,Wood,,EPalGenusCategoryType::Humanoid,EPalOrganizationType::None,EPalWeaponType::None,0,0,320,80,80,80,80,100,100,0,0,0,Escape_to_Battle,100,50,100,400,0,100%,100%,100%,1140,,,Attack power bonus%,10,11,13,16,20,"If it is in the team, the elemental Leaf Palu's attack power will be increased."
31,Sharkboy,Gobfin,SharkKid,,,1,EPalTribeID::SharkKid,SharkKid,,S,2,water,,EPalGenusCategoryType::Humanoid,EPalOrganizationType::None,EPalWeaponType::None,0,0,345,90,90,90,75,100,100,0,0,0,Warlike,100,50,80,400,0,100%,100%,100%,1840,,,Skill power multiplier,1,1,1,2,2,"After being activated, it will attack the targeted enemy with extremely powerful WaterGun. If it is in the team, it will increase the player's attack power."
31,red shark,Gobfin Ignis,SharkKid_Fire,,,1,EPalTribeID::SharkKid_Fire,SharkKid_Fire,yes,S,3,fire,,EPalGenusCategoryType::Humanoid,EPalOrganizationType::None,EPalWeaponType::None,0,0,345,90,90,90,75,100,100,0,0,0,Warlike,100,50,80,400,0,100%,100%,100%,1800,,,Skill power multiplier,1,1,1,2,2,"After being activated, it will attack the targeted enemy with extremely powerful FireSeed. If it is in the team, it will increase the player's attack power."
32,Hanging spirit,Hangyu,WindChimes,,,1,EPalTribeID::WindChimes,WindChimes,,XS,1,land,,EPalGenusCategoryType::Other,EPalOrganizationType::None,EPalWeaponType::None,0,0,290,80,70,70,70,100,100,0,0,0,Escape_to_Battle,100,50,100,400,0,100%,100%,100%,1020,,,Paraglider maximum speed (gravity factor),0,0,0,0,0,"If it is in the party, it can be summoned in place of the paraglider. It lifts the player high into the air while gliding."
32,Icebound Spirit,Hangyu Crystal,WindChimes_Ice,,,1,EPalTribeID::WindChimes_Ice,WindChimes_Ice,yes,XS,2,ice,,EPalGenusCategoryType::Other,EPalOrganizationType::None,EPalWeaponType::None,0,0,300,80,70,80,70,100,100,0,0,0,Escape_to_Battle,100,50,100,400,0,100%,100%,100%,1020,,,Paraglider maximum speed (gravity factor),0,0,0,0,0,"If it is in the party, it can be summoned in place of the paraglider. It lifts the player high into the air while gliding."
33,Ye Panda,Mossanda,GrassPanda,,,1,EPalTribeID::GrassPanda,GrassPanda,,L,6,Wood,,EPalGenusCategoryType::Humanoid,EPalOrganizationType::None,EPalWeaponType::None,0,0,380,100,100,90,90,100,100,0,0,0,Warlike,100,50,100,500,700,100%,100%,100%,6200,,,Skill power,30,33,39,48,60,Can be moved around on its back. It can also continuously attack with a grenade launcher while riding.
33,Lei Panda,Mossanda Lux,GrassPanda_Electric,,,1,EPalTribeID::GrassPanda_Electric,GrassPanda_Electric,yes,L,7,electricity,,EPalGenusCategoryType::Humanoid,EPalOrganizationType::None,EPalWeaponType::None,0,0,400,100,100,100,100,100,100,0,0,0,Warlike,100,50,100,500,700,100%,100%,100%,6610,,,Skill power,30,33,39,48,60,Can be moved around on its back. It can also continuously attack with a grenade launcher while riding.
34,Marshmallow,Woolipop,SweetsSheep,,,1,EPalTribeID::SweetsSheep,SweetsSheep,,S,3,generally,,EPalGenusCategoryType::FourLegged,EPalOrganizationType::None,EPalWeaponType::None,0,0,300,70,70,70,90,100,100,0,0,0,Escape_to_Battle,100,50,100,300,0,100%,100%,100%,1450,,,Ranch skills,0,0,0,0,0,Assign it to Palu Ranch and it may drop Sweet.
35,bush sheep,Caprity,BerryGoat,,,1,EPalTribeID::BerryGoat,BerryGoat,,S,3,Wood,,EPalGenusCategoryType::FourLegged,EPalOrganizationType::None,EPalWeaponType::None,0,0,330,100,70,70,90,120,100,0,0,0,Escape_to_Battle,100,70,70,400,0,100%,100%,100%,2510,,,Ranch skills,0,0,0,0,0,Assign it to Palu Ranch and it will have a chance to drop Berries from its back.
36,Melupa,Melpaca,Alpaca,,,1,EPalTribeID::Alpaca,Alpaca,,M,3,generally,,EPalGenusCategoryType::FourLegged,EPalOrganizationType::None,EPalWeaponType::None,0,0,345,90,90,75,90,100,100,0,0,0,Escape_to_Battle,100,62,62,460,800,110%,100%,100%,2740,,,Ranch skills,0,0,0,0,0,Can be moved around on its back. Assign it to Palu Ranch and it will have a chance to drop Wool.
37,Zixia Deer,Eikthyrdeer,Deer,,,1,EPalTribeID::Deer,Deer,,L,4,generally,,EPalGenusCategoryType::FourLegged,EPalOrganizationType::None,EPalWeaponType::None,0,0,325,95,70,80,80,100,100,0,0,0,Escape_to_Battle,100,80,120,700,900,100%,100%,100%,2620,,,Logging bonus+,220,260,320,400,500,"Can be moved around on its back. You can perform two jumps while riding, and the efficiency of destroying trees will be higher."
37,Only a deer,Eikthyrdeer Terra,Deer_Ground,,,1,EPalTribeID::Deer_Ground,Deer_Ground,yes,L,6,land,,EPalGenusCategoryType::FourLegged,EPalOrganizationType::None,EPalWeaponType::None,0,0,325,95,70,80,80,100,100,0,0,0,Escape_to_Battle,100,80,120,700,900,100%,100%,100%,2680,,,Logging bonus+,220,260,320,400,500,"Can be moved around on its back. You can perform two jumps while riding, and the efficiency of destroying trees will be higher."
38,Swift Falcon,Nitewing,HawkBird,,,1,EPalTribeID::HawkBird,HawkBird,,L,3,generally,,EPalGenusCategoryType::Bird,EPalOrganizationType::None,EPalWeaponType::None,0,0,375,100,100,95,80,100,100,0,0,0,NotInterested,100,150,150,600,750,100%,100%,100%,6300,,,Moving speed%,0,10,12,15,20,You can ride on its back and fly in the air.
39,Ji Xiaotu,Ribunny,PinkRabbit,,,1,EPalTribeID::PinkRabbit,PinkRabbit,,XS,1,generally,,EPalGenusCategoryType::Humanoid,EPalOrganizationType::None,EPalWeaponType::None,0,0,310,75,100,65,70,100,100,0,0,0,Escape_to_Battle,100,50,100,245,0,100%,100%,100%,1160,,,Attack power bonus%,10,11,13,16,20,"If it is in the team, the attack power of the elemental Normal Palu will be increased. If it is in the stronghold, the efficiency of working in WeaponFactory_Dirty_01 will be improved."
40,Balrog Sheep,Incineram,Baphomet,,,1,EPalTribeID::Baphomet,Baphomet,,M,4,fire,dark,EPalGenusCategoryType::Humanoid,EPalOrganizationType::None,EPalWeaponType::None,0,1,430,95,150,100,85,100,100,0,0,0,Warlike,100,80,160,700,0,100%,100%,100%,4780,,,Skill power multiplier,1,1,1,2,2,"After activation, it will attack the targeted enemy with the extremely powerful Unique_Baphomet_SwallowKite."
40,Dark Demon Sheep,Incineram Noct,Baphomet_Dark,,,1,EPalTribeID::Baphomet_Dark,Baphomet_Dark,yes,M,5,dark,,EPalGenusCategoryType::Humanoid,EPalOrganizationType::None,EPalWeaponType::None,0,1,435,95,150,105,85,100,100,0,0,0,Warlike,100,80,160,700,0,100%,100%,100%,4870,,,Skill power multiplier,1,1,1,2,2,"After activation, it will attack the targeted enemy with the extremely powerful Unique_Baphomet_Dark_SwallowKite."
41,Huan Yue Butterfly,Cinnamoth,CuteButterfly,,,1,EPalTribeID::CuteButterfly,CuteButterfly,,M,4,Wood,,EPalGenusCategoryType::Bird,EPalOrganizationType::None,EPalWeaponType::None,0,0,330,70,100,80,80,100,100,0,0,0,Escape_to_Battle,100,30,150,550,0,100%,100%,100%,5700,,,Skill power multiplier,1,1,1,2,2,"After activation, it will attack the targeted enemy with PoisonFog."
42,Blazing Ox,Arsox,FlameBuffalo,,,1,EPalTribeID::FlameBuffalo,FlameBuffalo,,M,4,fire,,EPalGenusCategoryType::FourLegged,EPalOrganizationType::None,EPalWeaponType::None,0,0,375,85,100,95,95,100,100,0,0,0,Warlike,100,87,87,600,800,100%,100%,100%,3520,,,Moving speed%,0,10,12,15,20,Can be moved around on its back. You won’t feel the chill while riding and it’s quite warm.
43,Pa Pa Pa Catfish,Dumud,LazyCatfish,,,1,EPalTribeID::LazyCatfish,LazyCatfish,,M,4,land,,EPalGenusCategoryType::Fish,EPalOrganizationType::None,EPalWeaponType::None,0,0,365,100,100,70,95,100,100,0,0,0,NotInterested,100,100,150,450,0,100%,100%,100%,4690,,,Attack power bonus%,10,11,13,16,20,"If it is in the team, the elemental Earth Palu's attack power will be increased."
44,Black Crow Hermit,Cawgnito,DarkCrow,,,1,EPalTribeID::DarkCrow,DarkCrow,,M,3,dark,,EPalGenusCategoryType::Bird,EPalOrganizationType::None,EPalWeaponType::None,0,1,330,75,80,95,80,100,100,0,0,0,NotInterested,100,85,170,920,0,100%,100%,100%,1840,,,Skill power multiplier,1,1,1,2,2,"After being activated, it will attack the targeted enemy with the extremely powerful Unique_DarkCrow_TelePoke."
45,punk lizard,Leezpunk,LizardMan,,,1,EPalTribeID::LizardMan,LizardMan,,S,2,dark,,EPalGenusCategoryType::Humanoid,EPalOrganizationType::None,EPalWeaponType::None,0,1,300,80,90,80,50,100,100,0,0,0,Warlike,100,100,140,600,0,100%,100%,100%,1720,,,distance,10000,11000,13000,16000,20000,"After activation, the sixth sense can be activated to detect the location of nearby dungeons."
45,Hot-blooded lizard,Leezpunk Ignis,LizardMan_Fire,,,1,EPalTribeID::LizardMan_Fire,LizardMan_Fire,yes,S,3,fire,,EPalGenusCategoryType::Humanoid,EPalOrganizationType::None,EPalWeaponType::None,0,0,300,80,90,80,50,100,100,0,0,0,Warlike,100,100,140,400,0,100%,100%,100%,1640,,,distance,10000,11000,13000,16000,20000,"After activation, the sixth sense can be activated to detect the location of nearby dungeons."
46,Moonscythe Demon,Loupmoon,Werewolf,,,1,EPalTribeID::Werewolf,Werewolf,,M,3,dark,,EPalGenusCategoryType::Humanoid,EPalOrganizationType::None,EPalWeaponType::None,0,1,390,80,130,100,80,100,100,0,0,0,Warlike,100,100,150,600,0,100%,100%,100%,2400,,,Skill power multiplier,1,1,1,2,2,"After activation, it will attack the targeted enemy with extremely powerful Unique_Werewolf_Scratch."
47,Tianqinniao,Galeclaw,Eagle,,,1,EPalTribeID::Eagle,Eagle,,M,2,generally,,EPalGenusCategoryType::Bird,EPalOrganizationType::None,EPalWeaponType::None,0,0,340,75,120,85,60,100,100,0,0,0,Warlike,100,100,200,600,0,100%,100%,100%,2010,,,Paraglider maximum speed (gravity factor),0,0,0,0,0,"If it is in the party, it can be summoned in place of the paraglider. While gliding, your right hand will be free, so you can hold a gun and shoot."
48,Feather Archer,Robinquill,RobinHood,,,1,EPalTribeID::RobinHood,RobinHood,,M,5,Wood,,EPalGenusCategoryType::Humanoid,EPalOrganizationType::None,EPalWeaponType::None,0,0,375,90,100,105,80,100,100,0,0,0,Warlike,100,100,100,600,0,100%,100%,100%,2050,,,Weakness bonus %,20,22,26,32,40,"When fighting alongside it, players will be able to deal more damage to enemy weak points."
48,mountain shooter,Robinquill Terra,RobinHood_Ground,,,1,EPalTribeID::RobinHood_Ground,RobinHood_Ground,yes,M,6,Wood,land,EPalGenusCategoryType::Humanoid,EPalOrganizationType::None,EPalWeaponType::None,0,0,375,90,100,105,80,100,100,0,0,0,Warlike,100,100,100,600,0,100%,100%,100%,2150,,,Weakness bonus %,20,22,26,32,40,"When fighting alongside it, players will be able to deal more damage to enemy weak points."
49,Iron Fist Ape,Gorirat,Gorilla,,,1,EPalTribeID::Gorilla,Gorilla,,S,5,generally,,EPalGenusCategoryType::Humanoid,EPalOrganizationType::None,EPalWeaponType::None,0,0,385,90,110,95,90,100,100,0,0,0,Warlike,100,66,100,550,0,100%,100%,100%,2010,rough,,Attack power bonus%,50,75,110,150,200,"After activation, the power of wildness will be released and Gorilla's attack power will be increased for a certain period of time."
50,knight bee,Beegarde,SoldierBee,,,1,EPalTribeID::SoldierBee,SoldierBee,,M,4,Wood,,EPalGenusCategoryType::Humanoid,EPalOrganizationType::None,EPalWeaponType::None,0,0,360,80,100,90,90,100,100,0,0,0,Warlike,100,125,250,450,0,100%,100%,100%,1880,,,Queen Bee Attack and Defense Bonus%,12,13,15,19,24,"Assign it to Palu Ranch and it will have a chance to drop Honey. If it is in the team, QueenBee's attributes will be improved."
51,queen bee,Elizabee,QueenBee,,,1,EPalTribeID::QueenBee,QueenBee,,L,8,Wood,,EPalGenusCategoryType::Humanoid,EPalOrganizationType::None,EPalWeaponType::None,0,0,395,90,100,105,100,100,100,0,0,0,Warlike,100,150,250,450,0,100%,100%,100%,6830,,,Attack power bonus%,0,5,6,7,8,"When fighting alongside it, the more SoldierBees there are in the team, the more its attributes will improve."
52,Laughing Nightmare Cat,Grintale,NaughtyCat,,,1,EPalTribeID::NaughtyCat,NaughtyCat,,L,6,generally,,EPalGenusCategoryType::FourLegged,EPalOrganizationType::None,EPalWeaponType::None,0,0,370,110,100,80,80,100,100,0,0,0,Friendly,100,32,64,600,800,100%,100%,100%,5510,,,Elemental power bonus%_Normal,50,55,65,80,100,Can be moved around on its back. Elemental Normal attacks during riding will be strengthened.
53,Mao duster,Swee,MopBaby,,,1,EPalTribeID::MopBaby,MopBaby,,XS,1,ice,,EPalGenusCategoryType::Other,EPalOrganizationType::None,EPalWeaponType::None,0,0,280,60,100,60,60,100,100,0,0,0,Escape_to_Battle,100,55,100,250,0,130%,110%,100%,1180,,,Daddy Mao's attack and defense bonus%,12,13,15,19,24,"If it is in the team, MopKing's attributes will be improved."
54,Dad Mao,Sweepa,MopKing,,,1,EPalTribeID::MopKing,MopKing,,L,6,ice,,EPalGenusCategoryType::Other,EPalOrganizationType::None,EPalWeaponType::None,0,0,380,100,100,90,90,100,100,0,0,0,Escape_to_Battle,100,60,120,300,500,100%,100%,100%,6400,,,Attack power bonus%,0,5,6,7,8,"Can be moved around on its back. When fighting alongside it, the more MopBabys in the team, the more its attributes will improve."
55,Whirling Weasel,Chillet,WeaselDragon,,,1,EPalTribeID::WeaselDragon,WeaselDragon,,M,4,ice,dragon,EPalGenusCategoryType::FourLegged,EPalOrganizationType::None,EPalWeaponType::None,0,0,350,90,100,80,80,100,100,0,0,0,Escape_to_Battle,100,100,180,600,800,100%,100%,100%,3450,,,Attack power bonus%,50,55,65,80,100,Can be moved around on its back. While mounted it will grant the player's attacks the elemental Dragon.
56,thunder wildebeest,Univolt,Kirin,,,1,EPalTribeID::Kirin,Kirin,,M,5,electricity,,EPalGenusCategoryType::FourLegged,EPalOrganizationType::None,EPalWeaponType::None,0,0,400,80,110,105,105,100,100,0,0,0,NotInterested,100,80,130,720,1100,100%,90%,100%,4280,,,Attack power bonus%,50,55,65,80,100,Can be moved around on its back. While mounted it will grant elemental Electricity to the player's attacks.
57,blowing snow fox,Foxcicle,IceFox,,,1,EPalTribeID::IceFox,IceFox,,S,5,ice,,EPalGenusCategoryType::FourLegged,EPalOrganizationType::None,EPalWeaponType::None,0,0,390,90,100,95,105,100,100,0,0,0,Warlike,100,65,130,600,0,100%,100%,100%,3730,,,Attack power bonus%,10,11,13,16,20,"If it is in the team, the attack power of the elemental Ice Palu will be increased."
58,fire unicorn,Pyrin,FireKirin,,,1,EPalTribeID::FireKirin,FireKirin,,L,6,fire,,EPalGenusCategoryType::FourLegged,EPalOrganizationType::None,EPalWeaponType::None,0,0,395,100,110,95,90,100,100,0,0,0,Warlike,100,100,150,850,1300,100%,100%,100%,6720,,,Attack power bonus%,50,55,65,80,100,Can be moved around on its back. While mounted it will grant elemental Fire to the player's attacks.
58,evil unicorn,Pyrin Noct,FireKirin_Dark,,,1,EPalTribeID::FireKirin_Dark,FireKirin_Dark,yes,L,7,fire,dark,EPalGenusCategoryType::FourLegged,EPalOrganizationType::None,EPalWeaponType::None,0,1,395,100,110,95,90,100,100,0,0,0,Warlike,100,100,150,850,1300,100%,100%,100%,7270,,,Attack power bonus%,50,55,65,80,100,"Can be moved around on its back. While mounted, it will grant elemental Dark to the player's attacks."
59,Deer in severe winter,Reindrix,IceDeer,,,1,EPalTribeID::IceDeer,IceDeer,,M,4,ice,,EPalGenusCategoryType::FourLegged,EPalOrganizationType::None,EPalWeaponType::None,0,0,375,100,80,85,110,100,100,0,0,0,Warlike,100,35,70,550,700,100%,100%,100%,2800,,,Moving speed%,0,10,12,15,20,Can be moved around on its back. You won't feel the heat during the ride and it's quite cool.
60,thunder dog,Rayhound,ThunderDog,,,1,EPalTribeID::ThunderDog,ThunderDog,,M,5,electricity,,EPalGenusCategoryType::FourLegged,EPalOrganizationType::None,EPalWeaponType::None,0,0,370,90,100,100,80,100,100,0,0,0,Warlike,100,110,210,700,1150,100%,100%,100%,3880,,,Moving speed%,0,10,12,15,20,Can be moved around on its back. Two jumps are possible during the ride.
61,Blue Flame Wolf,Kitsun,AmaterasuWolf,,,1,EPalTribeID::AmaterasuWolf,AmaterasuWolf,,M,6,fire,,EPalGenusCategoryType::FourLegged,EPalOrganizationType::None,EPalWeaponType::None,0,0,385,100,70,115,100,110,100,0,0,0,NotInterested,100,80,130,700,900,100%,100%,100%,3170,,,Moving speed%,0,10,12,15,20,Can be moved around on its back. You won't be affected by cold or heat while riding.
62,Thunder Boy,Dazzi,RaijinDaughter,,,1,EPalTribeID::RaijinDaughter,RaijinDaughter,,XS,2,electricity,,EPalGenusCategoryType::Humanoid,EPalOrganizationType::None,EPalWeaponType::None,0,0,330,70,110,80,70,100,100,0,0,0,Escape_to_Battle,100,120,200,400,0,100%,100%,100%,1390,,,Skill power multiplier,1,1,1,1,2,"If it is in the party, it will appear next to the player. It will cooperate with the player's offensive to pursue with thunder."
63,Mystia,Lunaris,Mutant,,,1,EPalTribeID::Mutant,Mutant,,M,6,generally,,EPalGenusCategoryType::Humanoid,EPalOrganizationType::None,EPalWeaponType::None,0,0,360,90,80,100,90,100,100,0,0,0,NotInterested,100,80,130,500,0,100%,100%,100%,1760,,,Increased weight bearing,80,90,100,110,120,"If Mutant is in the team, it can increase the player's upper limit of weight through its anti-gravity."
64,Corolla dragon,Dinossom,FlowerDinosaur,,,1,EPalTribeID::FlowerDinosaur,FlowerDinosaur,,L,6,Wood,dragon,EPalGenusCategoryType::Humanoid,EPalOrganizationType::None,EPalWeaponType::None,0,0,375,110,90,85,90,150,100,0,0,0,Friendly,100,70,120,550,700,100%,100%,100%,3240,,,Elemental power bonus%_Leaf,50,55,65,80,100,Can be moved around on its back. Elemental Leaf attacks during riding will be strengthened.
64,Thunder Guanlong,Dinossom Lux,FlowerDinosaur_Electric,,,1,EPalTribeID::FlowerDinosaur_Electric,FlowerDinosaur_Electric,yes,L,7,electricity,dragon,EPalGenusCategoryType::Humanoid,EPalOrganizationType::None,EPalWeaponType::None,0,0,380,110,90,90,90,150,100,0,0,0,Friendly,100,70,120,550,700,100%,100%,100%,3380,,,Elemental power bonus%_Electricity,50,55,65,80,100,Can be moved around on its back. Elemental Electricity attacks during riding will be strengthened.
65,water-sliding snake,Surfent,Serpent,,,1,EPalTribeID::Serpent,Serpent,,M,4,water,,EPalGenusCategoryType::Fish,EPalOrganizationType::None,EPalWeaponType::None,0,0,330,90,70,90,80,100,100,0,0,0,Warlike,100,100,200,500,650,100%,100%,100%,5050,,,Moving speed%,0,10,12,15,20,Can ride on its back and move through the water. Moving on water while riding does not consume stamina.
65,quicksand snake,Surfent Terra,Serpent_Ground,,,1,EPalTribeID::Serpent_Ground,Serpent_Ground,yes,M,5,land,,EPalGenusCategoryType::Fish,EPalOrganizationType::None,EPalWeaponType::None,0,0,350,90,70,90,100,100,100,0,0,0,Warlike,100,100,200,500,650,100%,100%,100%,5140,,,Moving speed%,0,10,12,15,20,Can be moved around on its back.
66,Soul Eater,Maraith,GhostBeast,,,1,EPalTribeID::GhostBeast,GhostBeast,,M,6,dark,,EPalGenusCategoryType::FourLegged,EPalOrganizationType::None,EPalWeaponType::None,0,1,310,75,50,105,80,100,100,0,0,0,Warlike,100,100,160,600,800,100%,100%,100%,1570,,,Attack power bonus%,50,55,65,80,100,"Can be moved around on its back. While mounted, it will grant elemental Dark to the player's attacks."
67,Rock Crusher Turtle,Digtoise,DrillGame,,,1,EPalTribeID::DrillGame,DrillGame,,M,5,land,,EPalGenusCategoryType::FourLegged,EPalOrganizationType::None,EPalWeaponType::None,0,0,375,80,80,95,120,100,100,0,0,0,Warlike,100,75,120,300,0,100%,100%,100%,2980,hard skin,,Skill power multiplier,1,1,1,2,2,"After launching, it will enter the Unique_DrillGame_ShellAttack state. It will follow the player as it spins, destroying ores efficiently."
68,cat bat monster,Tombat,CatBat,,,1,EPalTribeID::CatBat,CatBat,,M,5,dark,,EPalGenusCategoryType::Humanoid,EPalOrganizationType::None,EPalWeaponType::None,0,1,370,95,100,95,80,100,100,0,0,0,Warlike,100,80,140,400,0,100%,100%,100%,3810,,,distance,10000,11000,13000,16000,20000,"Once activated, it can detect the location of nearby pallu using ultrasonic waves."
69,fraternity lizard,Lovander,PinkLizard,,,1,EPalTribeID::PinkLizard,PinkLizard,,L,5,generally,,EPalGenusCategoryType::Humanoid,EPalOrganizationType::None,EPalWeaponType::None,0,1,330,120,70,70,70,140,100,0,0,0,Warlike,100,90,170,750,0,100%,100%,100%,2450,Uncharacteristically,,life drain %,2,3,4,5,6,"When fighting alongside it, it can give the player and PinkLizard a life-stealing effect. This effect can absorb part of the damage when it is applied, and restore COMMON_STATUS_HP."
70,Rong Yan Niang,Flambelle,LavaGirl,,,1,EPalTribeID::LavaGirl,LavaGirl,,XS,1,fire,,EPalGenusCategoryType::Humanoid,EPalOrganizationType::None,EPalWeaponType::None,0,0,310,60,100,70,80,100,100,0,0,0,Escape_to_Battle,100,65,98,250,0,130%,110%,100%,2500,,,Ranch skills,0,0,0,0,0,Assign it to Palu Ranch and it will have a chance to create FireOrgan.
71,Fenggelong,Vanwyrm,BirdDragon,,,1,EPalTribeID::BirdDragon,BirdDragon,,L,4,fire,dark,EPalGenusCategoryType::Bird,EPalOrganizationType::None,EPalWeaponType::None,0,1,395,90,100,115,90,100,100,0,0,0,Warlike,150,100,350,700,850,100%,100%,100%,4360,,,Weakness bonus %,20,22,26,32,40,You can ride on its back and fly in the air. Attacking the enemy's weak points while riding can cause more damage.
71,Frost Song Dragon,Vanwyrm Cryst,BirdDragon_Ice,,,1,EPalTribeID::BirdDragon_Ice,BirdDragon_Ice,yes,L,5,ice,dark,EPalGenusCategoryType::Bird,EPalOrganizationType::None,EPalWeaponType::None,0,1,405,90,100,120,95,100,100,0,0,0,Warlike,150,100,350,700,850,100%,100%,100%,4610,,,Weakness bonus %,20,22,26,32,40,You can ride on its back and fly in the air. Attacking the enemy's weak points while riding can cause more damage.
72,Wave Blade Samurai,Bushi,Ronin,,,1,EPalTribeID::Ronin,Ronin,,M,7,fire,,EPalGenusCategoryType::Humanoid,EPalOrganizationType::None,EPalWeaponType::None,0,0,385,80,100,125,80,100,100,0,0,0,Warlike,100,80,160,600,0,100%,100%,100%,4520,,,Skill power multiplier,1,1,1,2,2,"After activation, it will attack the targeted enemy with extremely powerful Unique_Ronin_Iai."
73,Thunderbird,Beakon,ThunderBird,,,1,EPalTribeID::ThunderBird,ThunderBird,,L,6,electricity,,EPalGenusCategoryType::Bird,EPalOrganizationType::None,EPalWeaponType::None,0,0,400,105,100,115,80,100,100,0,0,0,Warlike,160,100,200,750,1200,100%,100%,100%,7490,,,Attack power bonus%,50,55,65,80,100,You can ride on its back and fly in the air. While mounted it will grant elemental Electricity to the player's attacks.
74,Flamingo,Ragnahawk,RedArmorBird,,,1,EPalTribeID::RedArmorBird,RedArmorBird,,L,7,fire,,EPalGenusCategoryType::Bird,EPalOrganizationType::None,EPalWeaponType::None,0,0,420,95,100,105,120,100,100,0,0,0,Warlike,150,100,200,800,1300,100%,100%,100%,6720,,,Attack power bonus%,50,55,65,80,100,You can ride on its back and fly in the air. While mounted it will grant elemental Fire to the player's attacks.
75,dark witch cat,Katress,CatMage,,,1,EPalTribeID::CatMage,CatMage,,M,6,dark,,EPalGenusCategoryType::Humanoid,EPalOrganizationType::None,EPalWeaponType::None,0,1,385,90,100,105,90,100,100,0,0,0,Warlike,100,70,145,440,0,100%,100%,100%,4120,,,Drop increase%_Normal,40,50,60,70,80,"When fighting side by side with it, if you knock down the elemental Normal's Palu, you can get more dropped items from that Pallu."
76,Flame Witch Fox,Wixen,FoxMage,,,1,EPalTribeID::FoxMage,FoxMage,,M,6,fire,,EPalGenusCategoryType::Humanoid,EPalOrganizationType::None,EPalWeaponType::None,0,0,330,90,50,110,80,120,100,0,0,0,Escape_to_Battle,100,70,145,440,0,100%,100%,100%,1540,,,Attack power bonus%,5,6,7,8,10,"When fighting alongside it, it will grant elemental Fire to the player's attacks."
77,spring rabbit,Verdash,GrassRabbitMan,,,1,EPalTribeID::GrassRabbitMan,GrassRabbitMan,,M,8,Wood,,EPalGenusCategoryType::Humanoid,EPalOrganizationType::None,EPalWeaponType::None,0,0,395,90,100,115,90,100,100,0,0,0,Warlike,100,50,195,500,0,100%,100%,100%,2200,,,Moving speed%,20,22,26,32,40,"When fighting alongside it, the player's movement speed will be increased, and it will also grant elemental Leaf to the player's attacks."
78,Verita,Vaelet,VioletFairy,,,1,EPalTribeID::VioletFairy,VioletFairy,,M,8,Wood,,EPalGenusCategoryType::Humanoid,EPalOrganizationType::None,EPalWeaponType::None,0,0,420,100,100,100,120,100,100,0,0,0,Warlike,100,100,150,400,0,100%,100%,100%,1960,,,Drop increased by %_Earth,40,50,60,70,80,"When fighting alongside it, if you knock down the Pallu of Elemental Earth, you can get more dropped items from that Pallu."
79,silk moth,Sibelyx,WhiteMoth,,,1,EPalTribeID::WhiteMoth,WhiteMoth,,L,7,ice,,EPalGenusCategoryType::Humanoid,EPalOrganizationType::None,EPalWeaponType::None,0,0,390,110,90,90,100,90,100,0,0,0,Escape_to_Battle,100,50,100,400,0,100%,100%,100%,5900,,,Skill power multiplier,1,1,1,2,2,"After being activated, it will attack the targeted enemy with extremely powerful IcicleThrow. Assign it to Palu Ranch and it will have a chance to create Cloth2."
80,Faerie Dragon,Elphidran,FairyDragon,,,1,EPalTribeID::FairyDragon,FairyDragon,,L,7,dragon,,EPalGenusCategoryType::Humanoid,EPalOrganizationType::None,EPalWeaponType::None,0,0,360,110,80,80,90,100,100,0,0,0,Escape_to_Battle,130,83,83,630,800,100%,100%,100%,5230,,,Drop increased by %_Dark,40,50,60,70,80,"You can ride on its back and fly in the air. When fighting alongside it, if you knock down the elemental Dark's pallu, you can get more dropped items from that pallu."
80,Water Spirit Dragon,Elphidran Aqua,FairyDragon_Water,,,1,EPalTribeID::FairyDragon_Water,FairyDragon_Water,yes,L,8,dragon,water,EPalGenusCategoryType::Humanoid,EPalOrganizationType::None,EPalWeaponType::None,0,0,370,115,80,80,95,100,100,0,0,0,Escape_to_Battle,130,83,83,630,800,100%,100%,100%,5320,,,Drop increased by %_Fire,40,50,60,70,80,"You can ride on its back and fly in the air. When fighting alongside it, if you knock down the elemental Fire's pallu, you can get more dropped items from that pallu."
81,Shui Linger,Kelpsea,Kelpie,,,1,EPalTribeID::Kelpie,Kelpie,,XS,1,water,,EPalGenusCategoryType::Dragon,EPalOrganizationType::None,EPalWeaponType::None,0,0,310,70,100,70,70,100,100,0,0,0,NotInterested,100,50,100,700,0,100%,100%,100%,1260,,,Attack power bonus%,10,11,13,16,20,"If it is in the team, the elemental Water Palu's attack power will be increased."
81,Huo Linger,Kelpsea Ignis,Kelpie_Fire,,,1,EPalTribeID::Kelpie_Fire,Kelpie_Fire,,XS,2,fire,,EPalGenusCategoryType::Dragon,EPalOrganizationType::None,EPalWeaponType::None,0,0,310,70,100,70,70,100,100,0,0,0,NotInterested,100,50,100,700,0,100%,100%,100%,1240,,,Attack power bonus%,10,11,13,16,20,"If it is in the team, the elemental Fire Palu's attack power will be increased."
82,Bihailong,Azurobe,BlueDragon,,,1,EPalTribeID::BlueDragon,BlueDragon,,L,7,water,dragon,EPalGenusCategoryType::Fish,EPalOrganizationType::None,EPalWeaponType::None,0,0,380,110,70,100,100,100,100,0,0,0,Escape_to_Battle,100,75,150,600,800,100%,100%,100%,5600,,,Attack power bonus%,50,55,65,80,100,"Can ride on its back and move around on water. While mounted, it will grant elemental Water to the player's attacks."
83,Ice Thorn Beast,Cryolinx,WhiteTiger,,,1,EPalTribeID::WhiteTiger,WhiteTiger,,L,7,ice,,EPalGenusCategoryType::Humanoid,EPalOrganizationType::None,EPalWeaponType::None,0,0,450,100,140,100,110,100,100,0,0,0,Warlike,100,100,280,720,0,100%,100%,100%,8440,,,Drop increased by %_Dragon,40,50,60,70,80,"When fighting alongside it, if you knock down the elemental Dragon's pallu, you can get more dropped items from that pallu."
84,Hellfire King,Blazehowl,Manticore,,,1,EPalTribeID::Manticore,Manticore,,L,7,fire,,EPalGenusCategoryType::FourLegged,EPalOrganizationType::None,EPalWeaponType::None,0,0,395,105,100,110,80,100,100,0,0,0,Warlike,100,90,180,750,900,100%,100%,100%,4040,,,Drop increased by %_Leaf,40,50,60,70,80,"Can be moved around on its back. When fighting side by side with it, if you knock down the elemental Leaf's pallu, you can get more dropped items from that pallu."
84,Hell King,Blazehowl Noct,Manticore_Dark,,,1,EPalTribeID::Manticore_Dark,Manticore_Dark,yes,L,8,fire,dark,EPalGenusCategoryType::FourLegged,EPalOrganizationType::None,EPalWeaponType::None,0,1,400,105,100,115,80,100,100,0,0,0,Warlike,100,60,90,750,900,100%,100%,100%,4360,,,Drop increase%_Normal,40,50,60,70,80,"Can be moved around on its back. When fighting side by side with it, if you knock down the elemental Normal's Palu, you can get more dropped items from that Pallu."
85,Pecorone,Relaxaurus,LazyDragon,,,1,EPalTribeID::LazyDragon,LazyDragon,,XL,8,dragon,water,EPalGenusCategoryType::Monster,EPalOrganizationType::None,EPalWeaponType::None,0,0,390,110,110,100,70,100,100,0,0,0,Warlike,100,40,60,650,800,100%,100%,100%,10240,Greedy,,Skill power,10,11,13,16,20,Can be moved around on its back. It can also continuously attack with its missile launcher while riding.
85,Parker,Relaxaurus Lux,LazyDragon_Electric,,,1,EPalTribeID::LazyDragon_Electric,LazyDragon_Electric,yes,XL,9,dragon,electricity,EPalGenusCategoryType::Monster,EPalOrganizationType::None,EPalWeaponType::None,0,0,405,110,110,110,75,100,100,0,0,0,Warlike,100,40,60,650,800,100%,100%,100%,10380,,,Skill power,10,11,13,16,20,Can be moved around on its back. It can also continuously attack with its missile launcher while riding.
86,Lian Lilong,Broncherry,SakuraSaurus,,,1,EPalTribeID::SakuraSaurus,SakuraSaurus,,XL,7,Wood,,EPalGenusCategoryType::FourLegged,EPalOrganizationType::None,EPalWeaponType::None,0,0,390,120,80,90,100,120,100,0,0,0,NotInterested,100,50,75,350,500,100%,100%,100%,2920,,,Increased weight bearing,100,110,120,130,140,"Can be moved around on its back. If SakuraSaurus is in the team, it will help carry luggage and increase the player's maximum weight limit."
86,Allother,Broncherry Aqua,SakuraSaurus_Water,,,1,EPalTribeID::SakuraSaurus_Water,SakuraSaurus_Water,yes,XL,8,Wood,water,EPalGenusCategoryType::FourLegged,EPalOrganizationType::None,EPalWeaponType::None,0,0,395,120,80,95,100,120,100,0,0,0,NotInterested,100,50,75,350,500,100%,100%,100%,3110,,,Increased weight bearing,100,110,120,130,140,"Can be moved around on its back. If SakuraSaurus_Water is in the team, it will help carry luggage and increase the player's upper limit of weight."
87,Hualina,Petallia,FlowerDoll,,,1,EPalTribeID::FlowerDoll,FlowerDoll,,M,8,Wood,,EPalGenusCategoryType::Humanoid,EPalOrganizationType::None,EPalWeaponType::None,0,0,395,100,100,95,100,100,100,0,0,0,Escape_to_Battle,100,100,150,550,0,100%,100%,100%,3590,,,treatment value,400,440,520,640,800,"When activated, the player's health can be restored through the healing power of the flowers."
88,Lava Beast,Reptyro,VolcanicMonster,,,1,EPalTribeID::VolcanicMonster,VolcanicMonster,,L,6,fire,land,EPalGenusCategoryType::FourLegged,EPalOrganizationType::None,EPalWeaponType::None,0,0,435,110,100,105,120,100,100,0,0,0,Warlike,100,50,80,390,550,100%,100%,100%,6940,,,Mining bonus+,500,750,1100,1500,2000,Can be moved around on its back. Destroying ore will be more efficient while riding.
88,Frost Beast,Ice Reptyro,VolcanicMonster_Ice,,,1,EPalTribeID::VolcanicMonster_Ice,VolcanicMonster_Ice,yes,L,7,ice,land,EPalGenusCategoryType::FourLegged,EPalOrganizationType::None,EPalWeaponType::None,0,0,445,110,100,105,130,100,100,0,0,0,Warlike,100,50,80,390,550,100%,100%,100%,7380,,,Mining bonus+,500,750,1100,1500,2000,Can be moved around on its back. Destroying ore will be more efficient while riding.
89,King Melupa,Kingpaca,KingAlpaca,,,1,EPalTribeID::KingAlpaca,KingAlpaca,,XL,8,generally,,EPalGenusCategoryType::FourLegged,EPalOrganizationType::None,EPalWeaponType::None,0,0,395,120,100,85,90,100,100,0,0,0,Escape_to_Battle,100,80,80,500,700,100%,100%,100%,5800,,,Increased weight bearing,100,110,120,130,140,"Can be moved around on its back. If KingAlpaca is in the team, it will help carry luggage and increase the player's maximum weight limit."
89,Ice Emperor Melpa,Ice Kingpaca,KingAlpaca_Ice,,,1,EPalTribeID::KingAlpaca_Ice,KingAlpaca_Ice,yes,XL,9,ice,,EPalGenusCategoryType::FourLegged,EPalOrganizationType::None,EPalWeaponType::None,0,0,395,120,100,85,90,100,100,0,0,0,Escape_to_Battle,100,80,80,500,700,100%,100%,100%,6100,,,Increased weight bearing,100,110,120,130,140,"Can be moved around on its back. If KingAlpaca_Ice is in the team, it will help carry luggage and increase the player's maximum weight limit."
90,Mammoth,Mammorest,GrassMammoth,,,1,EPalTribeID::GrassMammoth,GrassMammoth,,XL,8,Wood,,EPalGenusCategoryType::FourLegged,EPalOrganizationType::None,EPalWeaponType::None,0,0,425,150,100,85,90,30,100,0,0,0,NotInterested,100,100,135,430,600,100%,100%,100%,9450,,,Mining bonus+,500,750,1100,1500,2000,Can be moved around on its back. Destroying trees and ores while riding will be more efficient.
90,snow mammoth,Mammorest Cryst,GrassMammoth_Ice,,,1,EPalTribeID::GrassMammoth_Ice,GrassMammoth_Ice,yes,XL,9,ice,,EPalGenusCategoryType::FourLegged,EPalOrganizationType::None,EPalWeaponType::None,0,0,425,150,100,85,90,30,100,0,0,0,NotInterested,100,100,135,430,600,100%,100%,100%,9580,,,Mining bonus+,500,750,1100,1500,2000,Can be moved around on its back. Destroying trees and ores while riding will be more efficient.
91,White Velvet Snow Monster,Wumpo,Yeti,,,1,EPalTribeID::Yeti,Yeti,,L,7,ice,,EPalGenusCategoryType::Humanoid,EPalOrganizationType::None,EPalWeaponType::None,0,0,420,140,100,80,100,100,100,0,0,0,Warlike,100,70,100,365,550,100%,100%,100%,5900,,,Increased weight bearing,120,130,140,150,160,"Can be moved around on its back. If Yeti is in the team, it will help carry luggage and increase the player's maximum weight limit."
91,Green Moss Velvet,Wumpo Botan,Yeti_Grass,,,1,EPalTribeID::Yeti_Grass,Yeti_Grass,,L,8,Wood,,EPalGenusCategoryType::Humanoid,EPalOrganizationType::None,EPalWeaponType::None,0,0,430,140,100,80,110,100,100,0,0,0,Warlike,100,70,100,365,550,100%,100%,100%,5700,,,Increased weight bearing,120,130,140,150,160,"Can be moved around on its back. If Yeti_Grass is in the team, it will help carry luggage and increase the player's maximum weight limit."
92,Kaigres,Warsect,HerculesBeetle,,,1,EPalTribeID::HerculesBeetle,HerculesBeetle,,L,8,land,Wood,EPalGenusCategoryType::Humanoid,EPalOrganizationType::None,EPalWeaponType::None,0,0,440,120,100,100,120,100,100,0,0,0,Warlike,100,55,110,500,0,100%,100%,100%,6830,hard skin,,Defense bonus %,5,6,7,8,10,"When fighting alongside it, the player's defense will be increased and the damage of elemental fire can be mitigated."
93,Cloud sea deer,Fenglope,FengyunDeeper,,,1,EPalTribeID::FengyunDeeper,FengyunDeeper,,S,3,generally,,EPalGenusCategoryType::FourLegged,EPalOrganizationType::None,EPalWeaponType::None,0,0,420,110,110,110,90,100,100,0,0,0,NotInterested,100,85,100,750,1050,100%,100%,100%,2250,,,Moving speed%,0,10,12,15,20,Can be moved around on its back. Two jumps are possible during the ride.
94,Night Mephit,Felbat,CatVampire,,,1,EPalTribeID::CatVampire,CatVampire,,M,6,dark,,EPalGenusCategoryType::Humanoid,EPalOrganizationType::None,EPalWeaponType::None,0,1,415,100,100,105,110,110,100,0,0,0,Warlike,100,60,100,550,0,100%,100%,100%,2100,,,life drain %,2,3,4,5,6,"When fighting alongside it, it can give the player and CatVampire a life-stealing effect. This effect can absorb part of the damage when it is applied, and restore COMMON_STATUS_HP."
95,Tianyulong,Quivern,SkyDragon,,,1,EPalTribeID::SkyDragon,SkyDragon,,L,7,dragon,,EPalGenusCategoryType::Dragon,EPalOrganizationType::None,EPalWeaponType::None,0,0,405,105,100,100,100,100,100,0,0,0,NotInterested,220,120,240,800,950,100%,100%,100%,6830,,,Elemental power bonus%_Dragon,50,55,65,80,100,"You can ride on its back to fly in the air, and your elemental Dragon attacks will be strengthened while riding."
96,Flame Glory,Blazamut,KingBahamut,,,1,EPalTribeID::KingBahamut,KingBahamut,,XL,9,fire,,EPalGenusCategoryType::FourLegged,EPalOrganizationType::None,EPalWeaponType::None,0,0,495,100,150,125,120,50,100,0,0,0,Warlike,100,150,400,700,900,100%,100%,100%,10520,Emperor Yan,,Elemental power bonus%_Fire,50,55,65,80,100,Can be moved around on its back. Elemental Fire attacks during riding will be strengthened.
97,Thunderbird,Helzephyr,HadesBird,,,1,EPalTribeID::HadesBird,HadesBird,,L,7,dark,,EPalGenusCategoryType::Bird,EPalOrganizationType::None,EPalWeaponType::None,0,1,425,100,100,125,100,100,100,0,0,0,Warlike,170,100,100,700,1100,100%,100%,100%,7840,,,Attack power bonus%,50,55,65,80,100,"You can ride on its back and fly in the air. While mounted, it will grant elemental Dark to the player's attacks."
98,Demon Dragon,Astegon,BlackMetalDragon,,,1,EPalTribeID::BlackMetalDragon,BlackMetalDragon,,XL,9,dragon,dark,EPalGenusCategoryType::Monster,EPalOrganizationType::None,EPalWeaponType::None,0,1,450,100,100,125,125,100,100,0,0,0,Warlike,300,100,150,600,800,100%,100%,100%,8200,hard skin,,Mining bonus+,1100,1500,2000,2600,3300,You can ride on its back and fly in the air. Can cause greater damage to ores while riding.
99,Dark Armored Scorpion,Menasting,DarkScorpion,,,1,EPalTribeID::DarkScorpion,DarkScorpion,,L,9,dark,land,EPalGenusCategoryType::Other,EPalOrganizationType::None,EPalWeaponType::None,0,1,430,100,100,100,130,100,100,0,0,0,Warlike,100,100,200,1000,0,100%,100%,100%,7050,,,Drops increased by %_Electricity,40,50,60,70,80,"When fighting side by side with it, the player's defense will be improved. If you knock down the elemental Electricity's Palu, you can get more dropped items from the Pallu."
100,Anubis,Anubis,Anubis,,,1,EPalTribeID::Anubis,Anubis,,M,10,land,,EPalGenusCategoryType::Humanoid,EPalOrganizationType::None,EPalWeaponType::None,0,0,480,120,130,130,100,100,100,0,0,0,Warlike,100,80,160,800,0,100%,100%,100%,4960,Yandi,,Attack power bonus%,5,6,7,8,10,"When fighting alongside it, it will grant the player's attacks elemental Earth. During combat, he will occasionally move at high speed to avoid attacks."
101,Sea-covering dragon,Jormuntide,Umihebi,,,1,EPalTribeID::Umihebi,Umihebi,,XL,8,dragon,water,EPalGenusCategoryType::Fish,EPalOrganizationType::None,EPalWeaponType::None,0,0,500,130,150,120,100,100,100,0,0,0,Warlike,100,100,175,525,700,100%,100%,100%,9320,Neptune,,Moving speed%,0,10,12,15,20,Can ride on its back and move through the water. Moving on water while riding does not consume stamina.
101,Teng Yanlong,Jormuntide Ignis,Umihebi_Fire,,,1,EPalTribeID::Umihebi_Fire,Umihebi_Fire,yes,XL,9,dragon,fire,EPalGenusCategoryType::Fish,EPalOrganizationType::None,EPalWeaponType::None,0,0,510,130,150,130,100,100,100,0,0,0,Warlike,100,100,175,525,700,100%,100%,100%,9500,,,Elemental power bonus%_Fire,50,55,65,80,100,Can be moved around on its back. Elemental Fire attacks during riding will be strengthened.
102,Suzaku,Suzaku,Suzaku,,,1,EPalTribeID::Suzaku,Suzaku,,XL,8,fire,,EPalGenusCategoryType::Bird,EPalOrganizationType::None,EPalWeaponType::None,0,0,430,120,100,105,105,100,100,0,0,0,Warlike,280,100,200,850,1100,100%,100%,100%,9840,,,Elemental power bonus%_Fire,50,55,65,80,100,"You can ride on its back to fly in the air, and your elemental Fire attacks will be strengthened while riding."
102,Qingque,Suzaku Aqua,Suzaku_Water,,,1,EPalTribeID::Suzaku_Water,Suzaku_Water,yes,XL,9,water,,EPalGenusCategoryType::Bird,EPalOrganizationType::None,EPalWeaponType::None,0,0,435,125,100,105,105,100,100,0,0,0,Warlike,280,100,200,850,1100,100%,100%,100%,10110,,,Elemental power bonus%_Water,50,55,65,80,100,"You can ride on its back to fly in the air, and your elemental Water attack will be strengthened while riding."
103,Lightning Bear,Grizzbolt,ElecPanda,,,1,EPalTribeID::ElecPanda,ElecPanda,yes,L,8,electricity,,EPalGenusCategoryType::Humanoid,EPalOrganizationType::None,EPalWeaponType::None,0,0,425,105,120,100,100,100,100,0,0,0,Warlike,100,80,140,470,550,100%,100%,100%,7720,,,Skill power,6,6,7,9,12,"Can be moved around on its back. While mounted, it can also continuously attack with its machine gun."
104,lily queen,Lyleen,LilyQueen,,,1,EPalTribeID::LilyQueen,LilyQueen,yes,L,9,Wood,,EPalGenusCategoryType::Humanoid,EPalOrganizationType::None,EPalWeaponType::None,0,0,425,110,100,110,105,100,100,0,0,0,NotInterested,100,60,100,450,0,100%,100%,100%,7160,Elf King,,treatment value,1000,1100,1300,1600,2000,"Once activated, the Queen's healing ability can be used to restore a large amount of health to the player."
104,black moon queen,Lyleen Noct,LilyQueen_Dark,,,1,EPalTribeID::LilyQueen_Dark,LilyQueen_Dark,yes,L,10,dark,,EPalGenusCategoryType::Humanoid,EPalOrganizationType::None,EPalWeaponType::None,0,0,435,110,100,110,115,100,100,0,0,0,NotInterested,100,60,100,450,0,100%,100%,100%,7610,,,treatment value,1000,1100,1300,1600,2000,"Once activated, the Queen's healing ability can be used to restore a large amount of health to the player."
105,Horus,Faleris,Horus,,,1,EPalTribeID::Horus,Horus,yes,L,9,fire,,EPalGenusCategoryType::Bird,EPalOrganizationType::None,EPalWeaponType::None,0,0,415,100,100,105,110,90,100,0,0,0,Warlike,230,150,200,1000,1400,100%,100%,100%,6720,,,Drop increased by %_Ice,40,50,60,70,80,"You can ride on its back and fly in the air. When fighting alongside it, if you knock down the elemental Ice's pallu, you can get more dropped items from that pallu."
106,Pollux,Orserk,ThunderDragonMan,,,1,EPalTribeID::ThunderDragonMan,ThunderDragonMan,yes,L,9,dragon,electricity,EPalGenusCategoryType::Humanoid,EPalOrganizationType::None,EPalWeaponType::None,0,0,430,100,100,130,100,100,100,0,0,0,Warlike,100,100,185,900,0,100%,100%,100%,8320,Thunder Emperor,,Drop increased by %_Water,40,50,60,70,80,"When fighting alongside it, if you knock down the elemental Water's pallu, you can get more dropped items from that pallu."
107,Heterogeneous Griffin,Shadowbeak,BlackGriffon,,,1,EPalTribeID::BlackGriffon,BlackGriffon,yes,L,10,dark,,EPalGenusCategoryType::FourLegged,EPalOrganizationType::None,EPalWeaponType::None,0,1,510,120,130,120,140,90,100,0,0,0,Warlike,250,80,80,850,1200,100%,100%,100%,9060,,,Elemental power bonus%_Dark,50,55,65,80,100,You can ride on its back and fly in the air. Elemental Dark attacks during riding will be strengthened.
108,Knight of Light,Paladius,SaintCentaur,,,1,EPalTribeID::SaintCentaur,SaintCentaur,yes,L,20,generally,,EPalGenusCategoryType::FourLegged,EPalOrganizationType::None,EPalWeaponType::None,0,0,505,130,110,120,145,100,100,0,0,0,Warlike,100,50,100,800,1400,100%,100%,100%,8810,legend,holy day,Moving speed%,0,10,12,15,20,Can be moved around on its back. Three jumps are possible during the ride.
109,Chaos Knight,Necromus,BlackCentaur,,,1,EPalTribeID::BlackCentaur,BlackCentaur,yes,L,20,dark,,EPalGenusCategoryType::FourLegged,EPalOrganizationType::None,EPalWeaponType::None,0,1,495,130,100,145,120,100,100,0,0,0,Warlike,100,100,350,900,1600,100%,100%,100%,8930,legend,Hades,Moving speed%,0,10,12,15,20,Can be moved around on its back. Two jumps are possible during the ride.
110,Winter Caller,Frostallion,IceHorse,,,1,EPalTribeID::IceHorse,IceHorse,yes,L,20,ice,,EPalGenusCategoryType::FourLegged,EPalOrganizationType::None,EPalWeaponType::None,0,0,500,140,100,140,120,70,100,0,0,0,Escape_to_Battle,300,120,120,1000,1500,100%,100%,100%,8440,legend,ice King,Elemental power bonus%_Ice,50,55,65,80,100,"You can ride on its back and fly in the air. During the ride, the player's attacks will be transformed into elemental ice, and the elemental ice's attacks will be strengthened."
110,Night Caller,Frostallion Noct,IceHorse_Dark,,,1,EPalTribeID::IceHorse_Dark,IceHorse_Dark,yes,L,20,dark,,EPalGenusCategoryType::FourLegged,EPalOrganizationType::None,EPalWeaponType::None,0,1,515,140,100,140,135,70,100,0,0,0,Escape_to_Battle,300,120,120,1000,1500,100%,100%,100%,8560,legend,,Elemental power bonus%_Dark,50,55,65,80,100,"You can ride on its back and fly in the air. During riding, the player's attacks will be transformed into elemental Dark, and the attacks of elemental Dark will be strengthened."
111,Vortex Dragon,Jetragon,JetDragon,,,1,EPalTribeID::JetDragon,JetDragon,yes,XL,20,dragon,,EPalGenusCategoryType::Dragon,EPalOrganizationType::None,EPalWeaponType::None,0,0,460,110,100,140,110,100,100,0,0,0,Warlike,100,600,800,1700,3300,100%,100%,100%,8680,legend,Shenlong,Skill power,13,14,16,20,26,You can ride on its back and fly in the air. It can also continuously attack with its missile launcher while riding.
